foreground_input,database,archive_path,source_repo_commit,dataset_id,dataset_version,dataset_name,geography,process_type,reference_flow,reference_amount,reference_unit,source_url,source_sha256,status,reason_or_gap
Polypropylene (PP),USLCI archived openLCA JSON-LD,downloads/uslci_olca1_5_0_json_ld,83f722d2c97ca784e3d258ab51ec4f6804625c1f,1ba8424c-2bdb-353e-8ea4-5e8d3bd477b8,00.00.000,"Polypropylene, resin, at plant",RNA,UNIT_PROCESS,"Polypropylene resin, at plant",1.0,kg,https://github.com/FLCAC-admin/uslci-content/blob/83f722d2c97ca784e3d258ab51ec4f6804625c1f/downloads/uslci_olca1_5_0_json_ld/processes/1ba8424c-2bdb-353e-8ea4-5e8d3bd477b8.json,1ae85860b46a65a88f6470858a33337cd0674717f4f607e4804db003639d0a4d,"candidate, not accepted",Resin supply candidate; do not add when using PP injection-molding process
Polypropylene (PP) conversion,USLCI archived openLCA JSON-LD,downloads/uslci_olca1_5_0_json_ld,83f722d2c97ca784e3d258ab51ec4f6804625c1f,89a2b59a-1ca2-34f5-acc8-a8eaaa6fa870,00.00.000,"Injection molding, rigid polypropylene part, at plant",RNA,UNIT_PROCESS,"Injection molding, rigid polypropylene part, at plant",1.0,kg,https://github.com/FLCAC-admin/uslci-content/blob/83f722d2c97ca784e3d258ab51ec4f6804625c1f/downloads/uslci_olca1_5_0_json_ld/processes/89a2b59a-1ca2-34f5-acc8-a8eaaa6fa870.json,d01e90b6661aa478f53d94de9645d1dc2d3d5ea3d121091234c8097e68c4b507,"candidate, not accepted","Candidate finished-part process includes 1.034 kg PP resin, 1.79 kWh electricity, 0.1 kg converted corrugated box and transport per 1 kg part; check overlap"
Polypropylene (PP) conversion alternative,USLCI archived openLCA JSON-LD,downloads/uslci_olca1_5_0_json_ld,83f722d2c97ca784e3d258ab51ec4f6804625c1f,18c37a18-0ddd-3944-b9b1-458410215233,00.00.000,"Thermoforming, rigid polypropylene part, at plant",RNA,UNIT_PROCESS,"Thermoforming, rigid polypropylene part, at plant",1.0,kg,https://github.com/FLCAC-admin/uslci-content/blob/83f722d2c97ca784e3d258ab51ec4f6804625c1f/downloads/uslci_olca1_5_0_json_ld/processes/18c37a18-0ddd-3944-b9b1-458410215233.json,1f600dcdc020b74ac91523e550e484e40cdb1961b619eaf67873f18ecc9ff79a,"candidate, not accepted",Alternative forming process; part manufacturing route not confirmed
Polyvinyl chloride (PVC),USLCI archived openLCA JSON-LD,downloads/uslci_olca1_5_0_json_ld,83f722d2c97ca784e3d258ab51ec4f6804625c1f,b19fe3da-392e-36af-9342-910be1d2160a,00.00.000,"Polyvinyl chloride, resin, at plant",RNA,UNIT_PROCESS,"Polyvinyl chloride, resin, at plant",1.0,kg,https://github.com/FLCAC-admin/uslci-content/blob/83f722d2c97ca784e3d258ab51ec4f6804625c1f/downloads/uslci_olca1_5_0_json_ld/processes/b19fe3da-392e-36af-9342-910be1d2160a.json,58730a1460c8a05eeef8bedf564004bf12c3a8406b7fbf38316849cbac9bdd4f,"candidate, not accepted",Resin only; component conversion missing
LDPE packaging foil,USLCI archived openLCA JSON-LD,downloads/uslci_olca1_5_0_json_ld,83f722d2c97ca784e3d258ab51ec4f6804625c1f,05561830-e889-31a3-b2be-7c52ee2ea545,00.00.000,"Polyethylene, low density, resin, at plant",RNA,UNIT_PROCESS,"Polyethylene, low density, resin, at plant",1.0,kg,https://github.com/FLCAC-admin/uslci-content/blob/83f722d2c97ca784e3d258ab51ec4f6804625c1f/downloads/uslci_olca1_5_0_json_ld/processes/05561830-e889-31a3-b2be-7c52ee2ea545.json,c3714a88f4eac95bf31988907dd1c83cd7ba6e908ec51d126d25655579865a96,"candidate, not accepted",Resin only; foil conversion missing
Acrylonitrile-butadiene-styrene (ABS),USLCI archived openLCA JSON-LD,downloads/uslci_olca1_5_0_json_ld,83f722d2c97ca784e3d258ab51ec4f6804625c1f,cd082abe-1655-3803-9a92-e951947a3034,00.00.000,"Acrylonitrile-butadiene-styrene copolymer, resin, at plant",RNA,UNIT_PROCESS,"Acrylonitrile-butadiene-styrene copolymer, resin, at plant",1.0,kg,https://github.com/FLCAC-admin/uslci-content/blob/83f722d2c97ca784e3d258ab51ec4f6804625c1f/downloads/uslci_olca1_5_0_json_ld/processes/cd082abe-1655-3803-9a92-e951947a3034.json,17397954214a952bc1e0a19a67be54dac68bc83d17d357db05d15254d2ea01d7,"candidate, not accepted",Resin only; component conversion missing
Stainless steel,USLCI archived openLCA JSON-LD,downloads/uslci_olca1_5_0_json_ld,83f722d2c97ca784e3d258ab51ec4f6804625c1f,49f5324b-fc33-36e9-b5af-3c80d73492bd,00.00.000,"Steel, stainless 304, flat rolled coil",RNA,UNIT_PROCESS,"Steel, stainless 304, flat rolled coil",1.0,kg,https://github.com/FLCAC-admin/uslci-content/blob/83f722d2c97ca784e3d258ab51ec4f6804625c1f/downloads/uslci_olca1_5_0_json_ld/processes/49f5324b-fc33-36e9-b5af-3c80d73492bd.json,7bb35e6a0d3a00a04620a5e548d4bf865b140ac0e61ef433a323264eef7fd00b,"candidate, not accepted",304 grade and flat-rolled form unconfirmed
Stainless steel alternative,USLCI archived openLCA JSON-LD,downloads/uslci_olca1_5_0_json_ld,83f722d2c97ca784e3d258ab51ec4f6804625c1f,8560388b-7ea1-38b7-befc-fd25d5deb450,00.00.000,"Steel, stainless 304, quarto plate",RNA,UNIT_PROCESS,"Steel, stainless 304, quarto plate",1.0,kg,https://github.com/FLCAC-admin/uslci-content/blob/83f722d2c97ca784e3d258ab51ec4f6804625c1f/downloads/uslci_olca1_5_0_json_ld/processes/8560388b-7ea1-38b7-befc-fd25d5deb450.json,5d14153c535026df6323564107ea202ad9250db477d79c952dfe202b533f4897,"candidate, not accepted",304 grade and quarto plate form unconfirmed
Cardboard packaging,USLCI archived openLCA JSON-LD,downloads/uslci_olca1_5_0_json_ld,83f722d2c97ca784e3d258ab51ec4f6804625c1f,7fd53cbd-975a-3737-bf3a-bfa3285833ed,00.00.000,"Corrugated product, containerboard, average production, at mill, 2010",US,UNIT_PROCESS,"Corrugated product, containerboard, average production, at mill, 2010",1.0,kg,https://github.com/FLCAC-admin/uslci-content/blob/83f722d2c97ca784e3d258ab51ec4f6804625c1f/downloads/uslci_olca1_5_0_json_ld/processes/7fd53cbd-975a-3737-bf3a-bfa3285833ed.json,b0896daaca031c2e65a3744c8dd7205b990c4862cc2a5ae8bf7160339a56e069,"candidate, not accepted",Corrugated containerboard proxy; packaging type unconfirmed
